H1ID,H2ID,H3ID,Feature Name,Avicenna (Ethica),Unnamed: 5,m-Path,Unnamed: 7,MetricWire,Unnamed: 9,Movisens,Unnamed: 11,Biewe,Unnamed: 13,Expiwell,Unnamed: 15,mEMA,Unnamed: 17,Fibion,Unnamed: 19,LifeData,Unnamed: 21,LabFront,Unnamed: 23,TigerAware,mindLAMP,REDCap,TIIM
,,,,Score,Notes,Score,Notes,Score,Notes,Score,Notes,Score,Notes,Score,Notes,Score,Notes,Score,Notes,Score,Notes,Score,Notes,,,,
0.0,,,Company Attributes,,,,,,,,,,,,,,,,,,,,,,,,
0.0,1.0,,Company Attributes,,,,,,,,,,,,,,,,,,,,,,,,
0.0,1.0,1.0,Website,https://www.avicennaresearch.com,,https://m-path.io/,,https://metricwire.com/,,https://www.movisens.com/,,https://beiwe.wpengine.com,,,,,,,,,,,,,,,
0.0,1.0,2.0,Country of Origin,Canada,,Belgium,,Canada,,Germany,,US,,,,,,,,,,,,,,,
0.0,1.0,3.0,Commercialization Type,Private Commercial,,"Commercial
University Supported",,,,,,"University Supported
Cluster maintenance cost",,,,,,,,,,,,,,,
0.0,1.0,4.0,Server Locations,"Canada
United States
Australia
France",,Belgium,,,,Germany,,AWS or self-hosted,,,,,,,,,,,,,,,
0.0,1.0,5.0,Cost Structure,"Not Public
Details here",,"Not Public
Details here",,,,"Credit Based
Details here (also, the dashboard has a Billin
g page)
Also, you can pay for features like Analysis Dashbo
ard for XS.",,,,,,,,,,,,,,,,,
0.0,1.0,6.0,Is Actively Maintained,Yes,,Yes,,,,No,Based on their News and Recent Change.,Yes,,,,,,,,,,,,,,,
0.0,1.0,7.0,License,Closed-Source,,Closed-Source,,,,Closed-Source,,Open-source (BSD 3),,,,,,,,,,,,,,,
0.0,1.0,8.0,Publicly Accessible,Yes,,Yes,,,,Yes,,,,,,,,,,,,,,,,,
0.0,1.0,9.0,Documentation Available,Yes,,Yes,,,,Yes,,Yes,,,,,,,,,,,,,,,
0.0,1.0,10.0,Frequently updated,,,,,,,No,Based on their News and Recent Change.,,,,,,,,,,,,,,,,
0.0,1.0,11.0,App updates during past 6 months,,,,,,,,,,,,,,,,,,,,,,,,
0.0,1.0,12.0,Overall Score,76.53%,,42.42%,,48.39%,,37.01%,,No Public Content,,No Public Content,,No Public Content,,No Public Content,,No Public Content,,No Public Content,,,,,
1.0,,,Study Setup & Deployment,74.51%,,21.57%,,,,28.72%,,No Valid Entries,,No Valid Entries,,No Valid Entries,,No Valid Entries,,No Valid Entries,,No Valid Entries,,,,,
1.0,1.0,,Study Management,20.00%,,60.00%,,40.00%,,50.00%,,No Valid Entries,,No Valid Entries,,No Valid Entries,,No Valid Entries,,No Valid Entries,,No Valid Entries,,,,,
1.0,1.0,1.0,Interface to create and manage a study,Supported,,Not Supported,,Supported,,Supported,,,,,,,,,,,,,,,,,
1.0,1.0,2.0,Workspace to manage and organize multiple studies,Not Supported,,Not Supported,,Supported,,Partial Support,"WIP: You'll have one organization and for each organization,
 you can have multiple users. You can define permissions of 
those users in each study of that organization.",,,,,,,,,,,,,,,,
1.0,1.0,3.0,Template study,Not Supported,,Supported,,Not Supported,,Supported,3 sample studies,,,,,,,,,,,,,,,,
1.0,1.0,4.0,Publicly share study templates with the community,Not Supported,,Supported,,Not Supported,,Not Supported,,,,,,,,,,,,,,,,,
1.0,1.0,5.0,Pair researcher's device for testing study flow,Not Supported,,Supported,,Not Supported,,Not Supported,,,,,,,,,,,,,,,,,
1.0,2.0,,Localization,100.00%,,0.00%,,0.00%,,50.00%,,No Valid Entries,,No Valid Entries,,No Valid Entries,,No Valid Entries,,No Valid Entries,,No Valid Entries,,,,,
1.0,2.0,1.0,Localized app interface,Supported,,Not Supported,,Not Supported,,Supported,"Respects device's localization. You can also contribute in t
ranslating via Transifex.",,,,,,,,,,,,,,,,
1.0,2.0,2.0,Localized study content (without duplication & branching),Supported,,Not Supported,,Not Supported,,Not Supported,,,,,,,,,,,,,,,,,
1.0,3.0,,Eligibility Screening,100.00%,,0.00%,,100.00%,,0.00%,,No Valid Entries,,No Valid Entries,,No Valid Entries,,No Valid Entries,,No Valid Entries,,No Valid Entries,,,,,
1.0,3.0,1.0,"Support for eligibility screening of participants before the
y are enrolled in the study",Supported,,Not Supported,,Supported,,Not Supported,,,,,,,,,,,,,,,,,
1.0,3.0,2.0,"Record responses to eligibility screening both for eligible 
and ineligible participants",Supported,,Not Supported,,Supported,,Not Supported,,,,,,,,,,,,,,,,,
1.0,4.0,,Enrollment,85.71%,,57.14%,,42.86%,,50.00%,,No Valid Entries,,No Valid Entries,,No Valid Entries,,No Valid Entries,,No Valid Entries,,No Valid Entries,,,,,
1.0,4.0,1.0,Enrollment via study code,Supported,,Supported,,Not Supported,,Not Supported,,,,,,,,,,,,,,,,,
1.0,4.0,2.0,Enrollment via QR code,Supported,,Not Supported,,Not Supported,,Supported,"Each participant has a uinque QR code which includes an auth
 token. They can scan within the app.",,,,,,,,,,,,,,,,
1.0,4.0,3.0,Custom-defined study invitation code,Not Supported,,Supported,,Not Supported,,Not Supported,,,,,,,,,,,,,,,,,
1.0,4.0,4.0,Enrollment available to the general public,Supported,,Supported,,Not Supported,,,,,,,,,,,,,,,,,,,
1.0,4.0,5.0,Limit enrollment to invited participants only,Supported,,Supported,,Supported,,Supported,,,,,,,,,,,,,,,,,
1.0,4.0,6.0,Interface to manage invited participants,Supported,,Not Supported,,Supported,,Supported,,,,,,,,,,,,,,,,,
1.0,4.0,7.0,Send email to invited participants & follow up reminders,Supported,,Not Supported,,Supported,,Not Supported,,,,,,,,,,,,,,,,,
1.0,5.0,,Participation Management,88.89%,,44.44%,,88.89%,,44.44%,,No Valid Entries,,No Valid Entries,,No Valid Entries,,No Valid Entries,,No Valid Entries,,No Valid Entries,,,,,
1.0,5.0,1.0,Interface to view list of study participants,Supported,,Supported,,Supported,,Supported,,,,,,,,,,,,,,,,,
1.0,5.0,2.0,Simple filtering of participant list,Supported,,Supported,,Supported,,Not Supported,,,,,,,,,,,,,,,,,
1.0,5.0,3.0,"Filtering participants based on any of their data (e.g. noti
fications, survey responses, etc.)",Supported,,Not Supported,,Supported,,Not Supported,,,,,,,,,,,,,,,,,
1.0,5.0,4.0,"Automatically calculate start and end of participation for e
ach enrollment.",Supported,,Not Supported,,Supported,,Supported,"WIP: When you add a new participant, until they couple their
 study via code, you can change their start/end time. There'
s no one single start/end time for all participants.",,,,,,,,,,,,,,,,
1.0,5.0,5.0,Manually adjust each participant's start/end,Supported,,Not Supported,,Supported,,Supported,"WIP: After they're coupled/joined (or the start time is pass
ed?), you can only change the end time.",,,,,,,,,,,,,,,,
1.0,5.0,6.0,Drop participants from study,Supported,,Not Supported,,Supported,,Not Supported,,,,,,,,,,,,,,,,,
1.0,5.0,7.0,Delete participants from study,Supported,,Not Supported,,Supported,,Supported,,,,,,,,,,,,,,,,,
1.0,5.0,8.0,Archive Participants,Not Supported,,Supported,,Not Supported,,Not Supported,,,,,,,,,,,,,,,,,
1.0,5.0,9.0,Assign labels to participants,Supported,,Supported,,Supported,,Not Supported,,,,,,,,,,,,,,,,,
1.0,6.0,,Televisit,100.00%,,0.00%,,0.00%,,10.00%,,No Valid Entries,,No Valid Entries,,No Valid Entries,,No Valid Entries,,No Valid Entries,,No Valid Entries,,,,,
1.0,6.0,1.0,Direct chat room between a participant and a researcher,Supported,,Not Supported,,Not Supported,,Supported,"""Enable Messaging"" as part of ""Study Running"" node in the sa
mpling section.
WIP: Participants can chat after the first 
form is submitted apparently. And they cannot initiate the c
onversation. Also, they have the word ""chat"" under their The
rapyDesigner. This should be ""Direct chat room between a par
ticipant and one or more researchers"" I guess. Haven't teste
d with more than 1 researcher. But it seems the same UI is u
sed for all researchers.	",,,,,,,,,,,,,,,,
,,,Direct chat room between two researchers of the study.,Supported,,Not Supported,,Not Supported,,Not Supported,,,,,,,,,,,,,,,,,
1.0,6.0,2.0,"Group chat rooms between one or more researcher and a partic
ipant",Supported,,Not Supported,,Not Supported,,Not Supported,"WIP: Check if ""Enable Messaging"" works for P2Rs too.",,,,,,,,,,,,,,,,
1.0,6.0,3.0,Group chat room between all researchers of the study,Supported,,Not Supported,,Not Supported,,Not Supported,,,,,,,,,,,,,,,,,
1.0,6.0,4.0,Archiving chat rooms,Supported,,Not Supported,,Not Supported,,Not Supported,,,,,,,,,,,,,,,,,
1.0,6.0,5.0,Audio call,Supported,,Not Supported,,Not Supported,,Not Supported,,,,,,,,,,,,,,,,,
1.0,6.0,6.0,Video call,Supported,,Not Supported,,Not Supported,,Not Supported,,,,,,,,,,,,,,,,,
1.0,6.0,7.0,Picture-in-Picture mode,Supported,,Not Supported,,Not Supported,,Not Supported,,,,,,,,,,,,,,,,,
1.0,6.0,8.0,Call recording,Supported,,Not Supported,,Not Supported,,Not Supported,,,,,,,,,,,,,,,,,
1.0,6.0,9.0,Screen-sharing,Supported,,Not Supported,,Not Supported,,Not Supported,,,,,,,,,,,,,,,,,
1.0,7.0,,Audit Logs,100.00%,,0.00%,,70.00%,,0.00%,,No Valid Entries,,No Valid Entries,,No Valid Entries,,No Valid Entries,,No Valid Entries,,No Valid Entries,,,,,
1.0,7.0,1.0,Log all actions taken by a participant,Supported,,Not Supported,,Partial Support,"Events that do not have a trigger associated with them will 
not show up under Survey/Triggers/View Logs. You can find th
em under the Participant Activity tab for each participant w
hen you click ""View Activity"" for a survey. ",Not Supported,,,,,,,,,,,,,,,,,
1.0,7.0,2.0,Log all actions taken by a researcher,Supported,,Not Supported,,Supported,,Not Supported,,,,,,,,,,,,,,,,,
1.0,7.0,3.0,"For any changes, specify the date, time, and user",Supported,,Not Supported,,Supported,,Not Supported,,,,,,,,,,,,,,,,,
1.0,7.0,4.0,For any change include the old value and new value,Supported,,Not Supported,,Supported,,Not Supported,,,,,,,,,,,,,,,,,
1.0,7.0,5.0,Capturing the reason for a given action ,Supported,,Not Supported,,Not Supported,,Not Supported,,,,,,,,,,,,,,,,,
1.0,8.0,,Consent,20.00%,,0.00%,,20.00%,,40.00%,,No Valid Entries,,No Valid Entries,,No Valid Entries,,No Valid Entries,,No Valid Entries,,No Valid Entries,,,,,
1.0,8.0,1.0,Single-page Consent form,Supported,,Not Supported,,Supported,,Supported,"The first page of their consent section is about the app its
elf and also asks if they want to send anonymous crash repor
ts. Then the study consent will show. Text with few formatti
ngs supported. And they have ""Participant has to sign inform
ed consent with his signature."" setting which asks the parti
cipants to sign with their finger signature.        ",,,,,,,,,,,,,,,,
1.0,8.0,2.0,Multi-page Consent form,Not Supported,,Not Supported,,Not Supported,,Not Supported,,,,,,,,,,,,,,,,,
1.0,8.0,3.0,"Mid-Study Consent

This is referred to the process where t
he study protocol changes in the middle,
and the researcher
 has to send an additional consent form to participants to

sign before they continue on the modifed protocol.",Not Supported,,Not Supported,,Not Supported,,Supported,"Although you won't be able to publish all changes at once (l
ike a study version). If you change the protocol and save, a
nd then the participant syncs before you get to updating the
 consent, the participant would see the old consent.",,,,,,,,,,,,,,,,
1.0,8.0,4.0,"Consent through legally acceptable representative

Can con
sent be provided via a guardian, parent, or caretaker?",Not Supported,,Not Supported,,Not Supported,,Not Supported,,,,,,,,,,,,,,,,,
1.0,8.0,5.0,Include impartial witness,Not Supported,,Not Supported,,Not Supported,,Not Supported,,,,,,,,,,,,,,,,,
1.0,9.0,,Multi-arm Studies,0.00%,,0.00%,,100.00%,,No Valid Entries,,No Valid Entries,,No Valid Entries,,No Valid Entries,,No Valid Entries,,No Valid Entries,,No Valid Entries,,,,,
1.0,9.0,1.0,Define multiple arms in a study,Not Supported,,Not Supported,,Supported,MW uses Block terminology for Arm.,,"WIP: Using Display Random Number maybe? But it's after the c
onsent.",,,,,,,,,,,,,,,,
1.0,9.0,2.0,"Define conditions on which participants should be assgined t
o each arm",Not Supported,,Not Supported,,Supported,,,,,,,,,,,,,,,,,,,
1.0,9.0,3.0,Define quota for each arm,Not Supported,,Not Supported,,Supported,,,,,,,,,,,,,,,,,,,
1.0,10.0,,Multi-site Studies,100.00%,,0.00%,,0.00%,,0.00%,,No Valid Entries,,No Valid Entries,,No Valid Entries,,No Valid Entries,,No Valid Entries,,No Valid Entries,,,,,
1.0,10.0,1.0,"Define, update, and delete sites",Supported,,Not Supported,,Not Supported,,Not Supported,,,,,,,,,,,,,,,,,
1.0,10.0,2.0,Control participant's assignments to sites,Supported,,Not Supported,,Not Supported,,Not Supported,,,,,,,,,,,,,,,,,
1.0,10.0,3.0,Move participants between sites,Supported,,Not Supported,,Not Supported,,Not Supported,,,,,,,,,,,,,,,,,
2.0,,,Notifications,94.74%,,15.79%,,63.16%,,44.44%,,No Valid Entries,,No Valid Entries,,No Valid Entries,,No Valid Entries,,No Valid Entries,,No Valid Entries,,,,,
2.0,1.0,,Overall Notification capabilities,100.00%,,12.50%,,81.25%,,50.00%,,No Valid Entries,,No Valid Entries,,No Valid Entries,,No Valid Entries,,No Valid Entries,,No Valid Entries,,,,,
2.0,1.0,1.0,Central interface to manage study notifications,Supported,,Not Supported,,Partial Support,,Not Supported,,,,,,,,,,,,,,,,,
2.0,1.0,2.0,Define notification templates to be used across the study,Supported,,Not Supported,,Supported,,Not Supported,,,,,,,,,,,,,,,,,
2.0,1.0,3.0,Support for offline notifications (in-app),Supported,,Not Supported,,Partial Support,MW uses SMS medium for offline cases.,Supported,"Via ""Alarm"" sampling node.",,,,,,,,,,,,,,,,
2.0,1.0,4.0,Conditional notifications (based on survey responses),Supported,,Supported,,Supported,,Supported,"Via ""Alarm"" sampling node.",,,,,,,,,,,,,,,,
2.0,1.0,5.0,"Support for sending one-off notifications to one or more par
ticipants",Supported,,Not Supported,,Supported,"Options include Push Notification, SMS and automated Phone C
all.",Supported,"WIP: Via ""Message All"" which sends a chat message basically.",,,,,,,,,,,,,,,,
2.0,1.0,6.0,Support for sending notifications to researchers,Supported,,Not Supported,,Supported,,Not Supported,,,,,,,,,,,,,,,,,
2.0,1.0,7.0,Sending notifications before or after a certain event,Supported,,Not Supported,,Partial Support,"A notification is sent before an activity is triggered      
  ",Supported,"Via ""Alarm"" sampling node.",,,,,,,,,,,,,,,,
2.0,1.0,8.0,Piping study variables in the notification content,Supported,,Not Supported,,Supported,,Not Supported,,,,,,,,,,,,,,,,,
2.0,2.0,,Notification Mediums,75.00%,,25.00%,,75.00%,,25.00%,,No Valid Entries,,No Valid Entries,,No Valid Entries,,No Valid Entries,,No Valid Entries,,No Valid Entries,,,,,
2.0,2.0,1.0,Sending notifications via In-App,Supported,,Supported,,Supported,,Supported,"Via ""Alarm"" sampling node.
WIP: Called ""Alarm"". You can cha
nge the alarm sound in the app too.",,,,,,,,,,,,,,,,
2.0,2.0,2.0,Sending notifications via SMS,Supported,,Not Supported,,Supported,,Not Supported,,,,,,,,,,,,,,,,,
2.0,2.0,3.0,Sending notifications via Email,Supported,,Not Supported,,Supported,,Not Supported,"WIP: Add a Google account (This account can be the same on a
ll your smartphones, but should be a dedicated account that 
is only used for this study where no mails arrive). This is 
necessary to send messages to the participant and download t
he app. Disable the Gmail sync to prevent mail notifications
.",,,,,,,,,,,,,,,,
2.0,2.0,4.0,"Sending notifications via chat apps such as WhatsApp or Tele
gram",Not Supported,,Not Supported,,Not Supported,,Not Supported,,,,,,,,,,,,,,,,,
2.0,3.0,,Monitoring,100.00%,,0.00%,,25.00%,,0.00%,,No Valid Entries,,No Valid Entries,,No Valid Entries,,No Valid Entries,,No Valid Entries,,No Valid Entries,,,,,
2.0,3.0,1.0,"Track delivery of notifications and report their success or 
failure",Supported,,Not Supported,,Partial Support,"While it doesn't exactly show notifications status, it is re
cognizable that push notifications aren't being delivered. I
f you select ""View Activity"" for a participant, a large numb
er of ""app_launched"" events indicate that the app is frequen
tly being forced closed. You should tell the participant not
 to force close the app to avoid the system being unable to 
deliver survey notifications.",Not Supported,,,,,,,,,,,,,,,,,
2.0,3.0,2.0,Show notifications scheduled in the future,Supported,,Not Supported,,Not Supported,,Not Supported,,,,,,,,,,,,,,,,,
2.0,4.0,,On-event notification,100.00%,,20.00%,,40.00%,,75.00%,,No Valid Entries,,No Valid Entries,,No Valid Entries,,No Valid Entries,,No Valid Entries,,No Valid Entries,,,,,
2.0,4.0,1.0,Participant invited to the study,Supported,,Not Supported,,Supported,Participants get an invitation email.,Not Supported,,,,,,,,,,,,,,,,,
2.0,4.0,2.0,Participant joined a study,Supported,,Supported,,Not Supported,,Supported,"Via ""Alarm"" sampling node.",,,,,,,,,,,,,,,,
2.0,4.0,3.0,A session is released,Supported,,Not Supported,,Supported,,Supported,"Via ""Alarm"" sampling node.",,,,,,,,,,,,,,,,
2.0,4.0,4.0,A session is completed,Supported,,Not Supported,,Not Supported,,Supported,"Via ""Alarm"" sampling node.",,,,,,,,,,,,,,,,
2.0,4.0,5.0,A session is expired,Supported,,Not Supported,,Not Supported,,,,,,,,,,,,,,,,,,,
3.0,,,Participant Activities,69.57%,,60.87%,,78.26%,,52.27%,,No Valid Entries,,No Valid Entries,,No Valid Entries,,No Valid Entries,,No Valid Entries,,No Valid Entries,,,,,
3.0,1.0,,Triggering Logics,69.23%,,61.54%,,92.31%,,65.38%,,No Valid Entries,,No Valid Entries,,No Valid Entries,,No Valid Entries,,No Valid Entries,,No Valid Entries,,,,,
3.0,1.0,1.0,Participant-Initiated Activity Triggering,Supported,,Supported,,Supported,,Supported,"WIP: Via ""Button Pressed"" sampling node. You can adjust labe
l and order (the order of the buttons on the home screen). T
he higher the order/weight, the deeper it sinks. Also, you c
an set it as a one-time button. And you can define groups fo
r buttons using             Button Group (on request). Group
s can be minimized.",,,,,,,,,,,,,,,,
3.0,1.0,2.0,Define activity expiry time,Supported,,Supported,,Supported,,Supported,"Called ""Incomplete"" or ""Timed out"". Via ""Timeout Interval"" p
roperty of Form sample node (after how many seconds of inact
ivity a timeout warning will be shown). You can set it for e
ach form TL. Also, you can set length of the timeout alarm i
n seconds for each form TL. The alarm will trigger whether t
he form is open or not.",,,,,,,,,,,,,,,,
3.0,1.0,3.0,Time-based Activity Triggering,Supported,,Supported,,Supported,,Supported,,,,,,,,,,,,,,,,,
3.0,1.0,4.0,"Time-based Activity Triggering - Support for relative and ab
solute time",Supported,,Supported,,Supported,,Partial Support,"For the relative part (registration date only), you can use 
""Sampling Day"" combined with other sampling nodes.",,,,,,,,,,,,,,,,
3.0,1.0,5.0,"Time-based Activity Triggering - Support for exact time vs. 
random within a time-window",Supported,,Supported,,Supported,,Partial Support,"For the random part, only the time (HH:mm) is supported. Thi
s event fires randomly a specified number of prompts in the 
specified time period and triggers the successor nodes. It a
lso supports a Minimum Time Between Prompts. And you can spe
cify the period using mutable values. The random time trigge
r follows a stratified randomization instead of allowing ran
dom prompts at any possible time. It takes the set time fram
e and divides it equally to accommodate the number of requir
ed prompts. Itâ€™s within these smaller chunks that the random
 prompt appears, only governed by the minimum time between p
rompts.",,,,,,,,,,,,,,,,
3.0,1.0,6.0,"Time-based Activity Triggering - Repeat logic (e.g. repeat d
aily, weekly, monthly, etc.)",Supported,,Not Supported,,Supported,,Supported,"They have these sampling nodes: Weekday, Date Range, Time Ra
nge, Initial (fires only once after the previous node is tru
e), Repeated (via defined interval and as long as the previo
us condition stays true",,,,,,,,,,,,,,,,
3.0,1.0,7.0,"Trigger activity based on time chosen by the participant (e.
g. using a previous calendar question)",Not Supported,,Not Supported,,Supported,,Partial Support,"Only on the time part (HH:mm) using ""Time Range"" sampling or
 ""Participant Time Trigger"" (on request, which allows you to
 repeat everday too) node.",,,,,,,,,,,,,,,,
3.0,1.0,8.0,"Trigger activity based on another event from the current par
ticipant (e.g. survey completed)",Not Supported,,Supported,,Supported,,Supported,"You can define Mutable Values after a form completion and us
e that value as a condition in triggering another form combi
ned with ""Immediatly"" sampling node. Also, you can use ""Dela
y"" sampling node to delay triggering the next form or action
.",,,,,,,,,,,,,,,,
3.0,1.0,9.0,"Trigger activity based on another event from another partici
pant",Not Supported,,Supported,,Not Supported,,Not Supported,,,,,,,,,,,,,,,,,
3.0,1.0,10.0,Create one-off sessions one at a time.,Supported,,Supported,,Supported,,Not Supported,,,,,,,,,,,,,,,,,
3.0,1.0,11.0,Create one-off sessions in bulk,Supported,,Not Supported,,Supported,,Not Supported,,,,,,,,,,,,,,,,,
3.0,1.0,12.0,Sensor-based Activity Triggering - Physical Proximity,Supported,,Not Supported,,Supported,,Supported,"On request. Called ""Nearby Devices Condition""; a sampling no
de. It uses IBeacon standard. Also, lets you specifiy Broadc
ast Signal (toggle), Scanning Interval, and Time Between Sca
ns.",,,,,,,,,,,,,,,,
3.0,1.0,13.0,Sensor-based Activity Triggering - GPS (geofence),Not Supported,,Not Supported,,Supported,,Supported,"On request. Via ""Geofence Trigger"" or ""Multi Geofence Trigge
r"". This event fires if a given geofence or any of the given
 geofences was entered/left or the participant is staying in
 it over some time. Other then the geofence itself, you can 
specify whether the geofence should trigger the initial loca
tion of the participant dependent on the geofence.",,,,,,,,,,,,,,,,
3.0,2.0,,Scripting,40.00%,,80.00%,,40.00%,,60.00%,,No Valid Entries,,No Valid Entries,,No Valid Entries,,No Valid Entries,,No Valid Entries,,No Valid Entries,,,,,
3.0,2.0,1.0,Simple single-line criteria,Supported,,Supported,,Supported,,Supported,"For sections/questions, it's called ""Visibility Rule"". For s
ampling, it's a Check Mutable Value (on request).",,,,,,,,,,,,,,,,
3.0,2.0,2.0,Extensive scripting,Not Supported,,Supported,,Not Supported,,Not Supported,,,,,,,,,,,,,,,,,
3.0,2.0,3.0,Support for functions,Not Supported,,Supported,,Not Supported,,Not Supported,,,,,,,,,,,,,,,,,
3.0,2.0,4.0,"Support for creating new variables and exporting them to be 
used within the study flow",Not Supported,,Supported,,Not Supported,,Supported,"You can create them via (I guess) ""Mutable Value Editor"" (on
 request) and ""Change Mutable Value"" sampling node dynamical
ly. Regarding the latter option, I'm not sure whether this m
eans question responses linked to mutable values will be aff
ected or not. You can set, increment, or decrement.",,,,,,,,,,,,,,,,
3.0,2.0,5.0,Visual script editor for one-liner codes,Supported,,Not Supported,,Supported,,Supported,,,,,,,,,,,,,,,,,
3.0,3.0,,Session Management,100.00%,,40.00%,,80.00%,,0.00%,,No Valid Entries,,No Valid Entries,,No Valid Entries,,No Valid Entries,,No Valid Entries,,No Valid Entries,,,,,
3.0,3.0,1.0,Interface to review sessions,Supported,,Supported,,Supported,,Not Supported,,,,,,,,,,,,,,,,,
3.0,3.0,2.0,Review future upcoming sessions,Supported,,Supported,,Supported,,Not Supported,,,,,,,,,,,,,,,,,
3.0,3.0,3.0,"Query sessions based on participant, activity, time, or any 
combination",Supported,,Not Supported,,Supported,,Not Supported,,,,,,,,,,,,,,,,,
3.0,3.0,4.0,Quick view on session's metadata,Supported,,Not Supported,,Supported,,Not Supported,,,,,,,,,,,,,,,,,
3.0,3.0,5.0,Visualize sessions' attributes,Supported,,Not Supported,,Not Supported,,,,,,,,,,,,,,,,,,,
4.0,,,Survey,79.63%,,56.94%,,52.31%,,40.76%,,No Valid Entries,,No Valid Entries,,No Valid Entries,,No Valid Entries,,No Valid Entries,,No Valid Entries,,,,,
4.0,1.0,,General Survey Capabilities,87.50%,,25.00%,,50.00%,,25.00%,,No Valid Entries,,No Valid Entries,,No Valid Entries,,No Valid Entries,,No Valid Entries,,No Valid Entries,,,,,
4.0,1.0,1.0,Dedicated Survey Editor Interface,Supported,,Not Supported,,Supported,,Supported,,,,,,,,,,,,,,,,,
4.0,1.0,2.0,Export survey in a textual format,Supported,,Not Supported,,Supported,,Not Supported,,,,,,,,,,,,,,,,,
4.0,1.0,3.0,Export survey as PDF,Supported,,Not Supported,,Not Supported,,Supported,"You can print (CTRL+P). Not all details are included though.
	",,,,,,,,,,,,,,,,
4.0,1.0,4.0,Import surveys from file,Supported,,Not Supported,,Supported,,Not Supported,,,,,,,,,,,,,,,,,
4.0,1.0,5.0,Maintain versions across changes to survey,Supported,,Not Supported,,Not Supported,,Not Supported,,,,,,,,,,,,,,,,,
4.0,1.0,6.0,Annotate survey versions,Supported,,Not Supported,,Not Supported,,Not Supported,,,,,,,,,,,,,,,,,
4.0,1.0,7.0,Online survey preview,Supported,,Supported,,Supported,,Not Supported,,,,,,,,,,,,,,,,,
4.0,1.0,8.0,Library of survey templates,Not Supported,,Supported,,Not Supported,,Not Supported,,,,,,,,,,,,,,,,,
4.0,1.0,9.0,Publicly share survey templates with research community,Not Supported,,Supported,,Not Supported,,Not Supported,,,,,,,,,,,,,,,,,
4.0,2.0,,General Question Attributes,76.92%,,92.31%,,61.54%,,75.00%,,No Valid Entries,,No Valid Entries,,No Valid Entries,,No Valid Entries,,No Valid Entries,,No Valid Entries,,,,,
4.0,2.0,1.0,HTML formatted question content,Supported,,Supported,,Not Supported,,Not Supported,,,,,,,,,,,,,,,,,
4.0,2.0,2.0,Include audio in question content ,Supported,,Supported,,Supported,,Supported,"Using ""Play Audio"" Output item inside a Multi-Item Screen. A
lso, you can specify whether scrubbing (changing time in aud
io) is allowed: And the audio can have a headline.",,,,,,,,,,,,,,,,
4.0,2.0,3.0,Include image in question content ,Supported,,Supported,,Supported,,Supported,"Using ""Display Image"" Output item inside a Multi-Item Screen
. And the image can have a headline. On their Pricing page, 
they say ""Items which generate an answer inside your results
 will count as one credit (e.g. Display Image)"".	",,,,,,,,,,,,,,,,
4.0,2.0,4.0,Include video in question content,Supported,,Supported,,Supported,,Supported,"On request. Using ""Display Video"" Output item inside a Multi
-Item Screen. It displays a Video from SD-Card. Also, you ca
n specify whether it should auto-start.",,,,,,,,,,,,,,,,
4.0,2.0,5.0,"Question read-aloud option (for participants with reading di
fficulty)",Supported,,Not Supported,,Not Supported,,,,,,,,,,,,,,,,,,,
4.0,2.0,6.0,Visualize responses to a question within the app,Not Supported,,Supported,,Not Supported,,,,,,,,,,,,,,,,,,,
4.0,2.0,7.0,"View past responses to a question while answering that quest
ion",Supported,"You can use Piping to get the response to the last question 
and display it as part of the survey content.",Supported,,Not Supported,,,,,,,,,,,,,,,,,,,
4.0,2.0,8.0,Set minimum & maximum display time for a question,Not Supported,,Supported,,Supported,,,,,,,,,,,,,,,,,,,
4.0,2.0,9.0,Exclude / Include an item in the survey,Supported,,Supported,,Supported,,,,,,,,,,,,,,,,,,,
4.0,2.0,10.0,Piping values into question content from current participant,Supported,,Supported,,Supported,,Supported,"Via ""Mutable Values"" and ""Display Mutable Value"" form item.",,,,,,,,,,,,,,,,
4.0,2.0,11.0,Piping values into question content from other participant,Not Supported,,Supported,,Not Supported,,Not Supported,,,,,,,,,,,,,,,,,
4.0,2.0,12.0,Variable name for questions,Supported,,Supported,,Supported,,Supported,"Called ""Label"". You will see them as a column header in your
 downloaded results table. Labels must start with a letter a
nd can only consist of letters, numbers, ""-"", and ""_"". Label
s are unique within the whole study.        ",,,,,,,,,,,,,,,,
4.0,2.0,13.0,Mandatory vs. optional questions,Supported,,Supported,,Supported,,Supported,"In some item formats (e.g. Visual Analog Scale) a default va
lue is present. In this case the required field will be igno
red.",,,,,,,,,,,,,,,,
4.0,3.0,,Question Types,80.77%,,48.08%,,54.81%,,41.84%,,No Valid Entries,,No Valid Entries,,No Valid Entries,,No Valid Entries,,No Valid Entries,,No Valid Entries,,,,,
4.0,3.0,1.0,Information,Supported,,Supported,,Supported,,,,,,,,,,,,,,,,,,,
4.0,3.0,2.0,"Ability to show participant's responses as part of the surve
y flow

This allows the survey to have a ""question"", or ""i
tem"", that presents
 participant's past responses. For exam
ple, after the 5th question of
the survey, the researcher c
an show a list of all responses
participant has provided to
 a previous question.",Not Supported,,Supported,,Not Supported,,Not Supported,,,,,,,,,,,,,,,,,
4.0,3.0,3.0,"Ability to show visualizations of participant's past respons
es as part of the survey flow",Not Supported,,Supported,,Not Supported,,Not Supported,,,,,,,,,,,,,,,,,
4.0,3.0,4.0,Text,Supported,,Supported,,Supported,"Text question types in MW do not have an enforced format opt
ion. However, each format has different question types (emai
l, phone number, and percentage).",Supported,,,,,,,,,,,,,,,,,
4.0,3.0,5.0,Text - Enforce format,Supported,,Not Supported,,Partial Support,,Not Supported,,,,,,,,,,,,,,,,,
4.0,3.0,6.0,Text - Hint,Supported,,Not Supported,,Not Supported,,Not Supported,,,,,,,,,,,,,,,,,
4.0,3.0,7.0,Text - Multiline vs. single line,Supported,,Not Supported,,Not Supported,,Not Supported,,,,,,,,,,,,,,,,,
4.0,3.0,8.0,Text - Auto-complete,Supported,,Not Supported,,Not Supported,,Not Supported,,,,,,,,,,,,,,,,,
4.0,3.0,9.0,"Text - Option to record audio instead of or in addition to t
yping",Supported,,Not Supported,,Not Supported,,Not Supported,,,,,,,,,,,,,,,,,
4.0,3.0,10.0,Multiple-Answer Question,Supported,,Supported,,Supported,,Supported,,,,,,,,,,,,,,,,,
4.0,3.0,11.0,"Multiple-Answer Question - Support different layouts (button
, checkbox, dropdown)",Supported,,Not Supported,,Not Supported,,Not Supported,,,,,,,,,,,,,,,,,
4.0,3.0,12.0,Multiple-Answer Question - Maximum # of choices,Supported,,Not Supported,,Supported,,Not Supported,,,,,,,,,,,,,,,,,
4.0,3.0,13.0,Multiple-Answer Question - Exclusive choices,Supported,,Not Supported,,Not Supported,,Not Supported,,,,,,,,,,,,,,,,,
4.0,3.0,14.0,Multiple-Answer Question - Using images as answer option,Supported,,Supported,,Not Supported,,Not Supported,,,,,,,,,,,,,,,,,
4.0,3.0,15.0,Single-Answer Question,Supported,,Supported,,Supported,,Supported,,,,,,,,,,,,,,,,,
4.0,3.0,16.0,"Single-Answer Question - Support different layouts (button, 
radio-button, dropdown)",Supported,,Not Supported,,Not Supported,It's just a dropdown in MW for a single answer.,Not Supported,,,,,,,,,,,,,,,,,
4.0,3.0,17.0,Single-Answer Question - Using images as answer option,Supported,,Supported,,Not Supported,,Not Supported,,,,,,,,,,,,,,,,,
4.0,3.0,18.0,Number questions,Supported,,Not Supported,,Supported,,Supported,They have 2 question types for this: Number and Decimal.,,,,,,,,,,,,,,,,
4.0,3.0,19.0,Number questions - Minimum & Maximum,Supported,,Not Supported,,Supported,,Supported,"On request and via Number Picker and not the Number or Decim
al.",,,,,,,,,,,,,,,,
4.0,3.0,20.0,Number questions - customized interface for length,Supported,,Not Supported,,Not Supported,,Not Supported,,,,,,,,,,,,,,,,,
4.0,3.0,21.0,Number questions - customized interface for weight,Supported,,Not Supported,,Not Supported,,Not Supported,,,,,,,,,,,,,,,,,
4.0,3.0,22.0,Visual Analog Scale (VAS),Supported,,Supported,,Supported,,Supported,,,,,,,,,,,,,,,,,
4.0,3.0,23.0,VAS - Vertical slider,Supported,,Not Supported,,Supported,,Not Supported,,,,,,,,,,,,,,,,,
4.0,3.0,24.0,VAS - Minimum & Maximum,Supported,,Supported,,Supported,,Supported,"On request. Called ""Left and Right Values"".",,,,,,,,,,,,,,,,
4.0,3.0,25.0,VAS - increase & decrease step,Supported,,Not Supported,,Supported,,Not Supported,,,,,,,,,,,,,,,,,
4.0,3.0,26.0,VAS - Text for left & right anchor,Supported,,Supported,,Supported,,Supported,"Also, they have a Neutral anchor.",,,,,,,,,,,,,,,,
4.0,3.0,27.0,VAS - image for left & right anchor,Supported,,Not Supported,,Not Supported,,Not Supported,,,,,,,,,,,,,,,,,
4.0,3.0,28.0,VAS - show specific text based on selection,Supported,,Partial Support,,Supported,,Not Supported,,,,,,,,,,,,,,,,,
4.0,3.0,29.0,VAS - show specific image based on selection,Supported,,Partial Support,,Not Supported,,Not Supported,,,,,,,,,,,,,,,,,
4.0,3.0,30.0,VAS - Control appearance of slider thumb,Supported,,Supported,,Not Supported,,Not Supported,,,,,,,,,,,,,,,,,
4.0,3.0,31.0,"VAS - Display participant's last answer to the question on t
he question's interface.",Supported,"You can use Piping to get the response to the last question 
and display it as part of the survey content.",Supported,,Not Supported,,Not Supported,,,,,,,,,,,,,,,,,
4.0,3.0,32.0,Calendar,Supported,,Supported,,Supported,,Supported,,,,,,,,,,,,,,,,,
4.0,3.0,33.0,Calendar - Support time entry,Supported,,Supported,,Supported,,Supported,,,,,,,,,,,,,,,,,
4.0,3.0,34.0,Calendar - Support date entry,Supported,,Supported,,Supported,,Supported,,,,,,,,,,,,,,,,,
4.0,3.0,35.0,Calendar - Support date & time entry,Supported,,Not Supported,,Supported,,Supported,,,,,,,,,,,,,,,,,
4.0,3.0,36.0,"Calendar - Support interval entry (duration, e.g. 15 minutes
, 1h10m, etc.)",Supported,,Not Supported,,Not Supported,,Supported,"WIP: We can achieve that via 2 questions inside a section, b
ut the responses won't be durations; they'll be periods.",,,,,,,,,,,,,,,,
4.0,3.0,37.0,Calendar - Specify minimum and maximum value,Supported,,Not Supported,,Not Supported,,Not Supported,,,,,,,,,,,,,,,,,
4.0,3.0,38.0,Image question,Supported,,Supported,,Supported,,Supported,,,,,,,,,,,,,,,,,
4.0,3.0,39.0,Image question - Take photo vs. select from gallery,Supported,,Not Supported,,Supported,,Supported,"""Choose a picture"" option is available on request.",,,,,,,,,,,,,,,,
4.0,3.0,40.0,Audio question,Supported,,Supported,,Supported,,Supported,,,,,,,,,,,,,,,,,
4.0,3.0,41.0,Audio question - Record vs. select from device,Supported,,Not Supported,,Supported,,Partial Support,Only recording is supported.,,,,,,,,,,,,,,,,
4.0,3.0,42.0,Video question,Supported,,Supported,,Supported,,Supported,,,,,,,,,,,,,,,,,
4.0,3.0,43.0,Video question - Record vs. select from device,Supported,,Not Supported,,Supported,,Partial Support,Only recording is supported.,,,,,,,,,,,,,,,,
4.0,3.0,44.0,Body parts question,Not Supported,,Supported,,Not Supported,,Not Supported,,,,,,,,,,,,,,,,,
4.0,3.0,45.0,Order items question,Not Supported,,Supported,,Supported,,Not Supported,,,,,,,,,,,,,,,,,
4.0,3.0,46.0,Smiley,Not Supported,,Supported,,Not Supported,,Not Supported,,,,,,,,,,,,,,,,,
4.0,3.0,47.0,Continuous line question,Not Supported,,Supported,,Not Supported,,Not Supported,,,,,,,,,,,,,,,,,
4.0,3.0,48.0,Map question,Not Supported,,Not Supported,,Supported,,Partial Support,"Called ""GeoPoint"" and kinda forces you to keep the current l
ocation selected by the GPS/map.",,,,,,,,,,,,,,,,
4.0,3.0,49.0,Barcode scanning,Supported,,Not Supported,,Not Supported,,Supported,You can't enter the code manually.,,,,,,,,,,,,,,,,
4.0,3.0,50.0,Matrix question,Not Supported,,Not Supported,,Supported,,,,,,,,,,,,,,,,,,,
4.0,3.0,51.0,Likert questions,Not Supported,,Not Supported,,Supported,,Supported,,,,,,,,,,,,,,,,,
4.0,3.0,52.0,Calculated fields,Not Supported,,Supported,,Supported,,,,,,,,,,,,,,,,,,,
4.0,4.0,,Survey layout,69.23%,,92.31%,,61.54%,,50.00%,,No Valid Entries,,No Valid Entries,,No Valid Entries,,No Valid Entries,,No Valid Entries,,No Valid Entries,,,,,
4.0,4.0,1.0,Show or hide progress view,Supported,,Not Supported,,Not Supported,,Partial Support,"WIP: I remember they had a text about when they might not sh
ow this.
Called ""Page Indicator"" and only shows if there's 
no branching.	",,,,,,,,,,,,,,,,
4.0,4.0,2.0,Customize Next/Previous button captions,Not Supported,,Supported,,Not Supported,,Not Supported,,,,,,,,,,,,,,,,,
4.0,4.0,3.0,Support sections,Supported,,Supported,,Supported,"Called ""Groups""",Supported,Called Multi-Item Screen.,,,,,,,,,,,,,,,,
4.0,4.0,4.0,Randomize sections,Supported,,Supported,,Supported,,Supported,You should enable/disable for each form TL separately.,,,,,,,,,,,,,,,,
4.0,4.0,5.0,Randomize questions within a section,Supported,,Supported,,Supported,,Partial Support,"WIP: You should enable/disable for each form TL separately. 
Questions that don't belong to any section (root questions) 
can be randomized.",,,,,,,,,,,,,,,,
4.0,4.0,6.0,"Randomize answers within a question (for multiple-answer que
stions)",Supported,,Supported,,Supported,,Not Supported,,,,,,,,,,,,,,,,,
4.0,4.0,7.0,Randomly select a subset of sections,Supported,,Supported,,Supported,,Partial Support,"WIP: On request. You should enable/disable for each form TL 
separately. You can show only the given count of all items i
n a stratified randomized order (if randomized is activated)
.",,,,,,,,,,,,,,,,
4.0,4.0,8.0,Randomly select a subset of questions within a section,Supported,,Supported,,Supported,,Partial Support,"WIP: On request. You should enable/disable for each form TL 
separately. You can show only the given count of all items i
n a stratified randomized order (if randomized is activated)
. Questions that don't belong to any section (root questions
) can be randomly selected.",,,,,,,,,,,,,,,,
4.0,4.0,9.0,Randomly select a subset of answers of a question,Supported,,Supported,,Not Supported,,Not Supported,,,,,,,,,,,,,,,,,
4.0,4.0,10.0,Show one question per page or one section per page,Not Supported,,Supported,,Not Supported,,Supported,,,,,,,,,,,,,,,,,
4.0,4.0,11.0,"Define and customize divider between questions (when an enti
re section is displayed)",Not Supported,,Supported,,Supported,,,,,,,,,,,,,,,,,,,
,,,Disable/Enable review and edit answers upon completion,Not Supported,,Supported,,Supported,,,,,,,,,,,,,,,,,,,
4.0,4.0,12.0,Loop on a section,Supported,,Supported,,Not Supported,,,,,,,,,,,,,,,,,,,
4.0,5.0,,Branching and Skip-pattenrs,83.33%,,100.00%,,66.67%,,75.00%,,No Valid Entries,,No Valid Entries,,No Valid Entries,,No Valid Entries,,No Valid Entries,,No Valid Entries,,,,,
4.0,5.0,1.0,Skip a section,Supported,,Supported,,Not Supported,,Supported,,,,,,,,,,,,,,,,,
4.0,5.0,2.0,Skip a question,Supported,,Supported,,Supported,,Supported,,,,,,,,,,,,,,,,,
4.0,5.0,3.0,Jump to any part of the survey,Supported,,Supported,,Supported,,,,,,,,,,,,,,,,,,,
4.0,5.0,4.0,Branching based on variables within the current survey,Supported,,Supported,,Supported,,Supported,"Visibility rules can only be defined depending on previous i
tems of the types Select One, Select Many and Likert Scale",,,,,,,,,,,,,,,,
4.0,5.0,5.0,Branching based on variables from other surveys,Supported,,Supported,,Supported,,,,,,,,,,,,,,,,,,,
4.0,5.0,6.0,Branching based on variables from other participants,Not Supported,,Supported,,Not Supported,,Not Supported,,,,,,,,,,,,,,,,,
4.0,6.0,,Researcher-Responded Surveys / Case Report Forms,100.00%,,0.00%,,0.00%,,0.00%,,No Valid Entries,,No Valid Entries,,No Valid Entries,,No Valid Entries,,No Valid Entries,,No Valid Entries,,,,,
4.0,6.0,1.0,"Allow researchers to fill in surveys for participants (simil
ar to REDCap, eCRF)",Supported,,Not Supported,,Not Supported,,Not Supported,,,,,,,,,,,,,,,,,
4.0,6.0,2.0,View surveys as forms for faster data entry,Supported,,Not Supported,,Not Supported,,Not Supported,,,,,,,,,,,,,,,,,
4.0,7.0,,Public surveys (for cross-sectional studies),100.00%,,0.00%,,0.00%,,0.00%,,No Valid Entries,,No Valid Entries,,No Valid Entries,,No Valid Entries,,No Valid Entries,,No Valid Entries,,,,,
4.0,7.0,1.0,"Support creating surveys that can be answered by public with
out enrolling in the study (cross-sectional surveys)",Supported,,Not Supported,,Not Supported,"Answers without enrolling are not supported, but there is an
 option ""Anonymize Results"" which hides PII and user ID.",Not Supported,,,,,,,,,,,,,,,,,
4.0,7.0,2.0,"Allow respondents to close the survey and reopen to continue
 responding",Supported,,Not Supported,,Not Supported,,Not Supported,,,,,,,,,,,,,,,,,
4.0,8.0,,Responses,85.71%,,50.00%,,57.14%,,16.67%,,No Valid Entries,,No Valid Entries,,No Valid Entries,,No Valid Entries,,No Valid Entries,,No Valid Entries,,,,,
4.0,8.0,1.0,"Response metadata - Reason for response missing (skipped vs.
 randomized & not selected vs. branching)",Not Supported,,Partial Support,,Supported,,Partial Support,"Via a column called ""Missing"" for the whole form and not per
 each response. The values can be: Ignored = Participant did
 not respond to the alarm, Dismissed = Participant dismissed
 the alarm, Incomplete = Participant did not complete the fo
rm, Canceled_by_new_alarm = A new alarm canceled the previou
s alarm",,,,,,,,,,,,,,,,
4.0,8.0,2.0,"Response metadata - Order by question as displayed to the pa
rticipant",Supported,,Supported,,Not Supported,,,,,,,,,,,,,,,,,,,
4.0,8.0,3.0,Response metadata - Location of response,Supported,,Supported,,Supported,,Not Supported,,,,,,,,,,,,,,,,,
4.0,8.0,4.0,Response metadata - Device information,Supported,,Not Supported,,Supported,,Not Supported,,,,,,,,,,,,,,,,,
4.0,8.0,5.0,"Response metadata - Open time, per-question response time, c
ompletion time, media interactions",Supported,,Supported,,Supported,,Partial Support,"WIP: For the whole form they have: Trigger, Trigger Date/Tim
e, Trigger Counter (This counter is incremented each time a 
trigger is executed. If multiple forms are placed after one 
another, then this counter has the same number for all these
 consecutive forms.), Form Start Date/Time, Form Finish Date
/Time, Form Upload Date/Time",,,,,,,,,,,,,,,,
4.0,8.0,6.0,"Response metadata - Participant interaction with question co
ntent's media (e.g. how much and how many times a video clip
 was watched)",Supported,,Not Supported,,Not Supported,,Not Supported,,,,,,,,,,,,,,,,,
4.0,8.0,7.0,Allow researchers to comment on individual response,Supported,,Not Supported,,Not Supported,,Not Supported,,,,,,,,,,,,,,,,,
4.0,9.0,,Response Editing,75.00%,,0.00%,,0.00%,,0.00%,,No Valid Entries,,No Valid Entries,,No Valid Entries,,No Valid Entries,,No Valid Entries,,No Valid Entries,,,,,
4.0,9.0,1.0,"Researchers can edit responses entered by other researchers 
(e.g. case report forms)",Supported,,Not Supported,,Not Supported,,Not Supported,,,,,,,,,,,,,,,,,
4.0,9.0,2.0,Researchers can edit responses entered by participants,Supported,,Not Supported,,Not Supported,,Not Supported,,,,,,,,,,,,,,,,,
4.0,9.0,3.0,Participants can edit their responses.,Not Supported,,Not Supported,,Not Supported,,,,,,,,,,,,,,,,,,,
4.0,9.0,4.0,Track changes (history of changes),Supported,,Not Supported,,Not Supported,,,,,,,,,,,,,,,,,,,
5.0,,,Interventions & Cognitive Tasks,30.77%,,76.92%,,15.38%,,12.50%,,No Valid Entries,,No Valid Entries,,No Valid Entries,,No Valid Entries,,No Valid Entries,,No Valid Entries,,,,,
5.0,1.0,,Supported Standard Cognitive Tests,42.86%,,71.43%,,14.29%,,0.00%,,No Valid Entries,,No Valid Entries,,No Valid Entries,,No Valid Entries,,No Valid Entries,,No Valid Entries,,,,,
5.0,1.0,1.0,Stroop,Supported,,Not Supported,,Not Supported,,Not Supported,,,,,,,,,,,,,,,,,
5.0,1.0,2.0,Time Use,Supported,,Not Supported,,Supported,,Not Supported,,,,,,,,,,,,,,,,,
5.0,1.0,3.0,Matrix Reasoning,Supported,,Supported,,Not Supported,,Not Supported,,,,,,,,,,,,,,,,,
5.0,1.0,4.0,Digital Symbol Substitution Test,Not Supported,,Supported,,Not Supported,,Not Supported,,,,,,,,,,,,,,,,,
5.0,1.0,5.0,Spatial Working Memory Test,Not Supported,,Supported,,Not Supported,,Not Supported,,,,,,,,,,,,,,,,,
5.0,1.0,6.0,Directed Exploration Task,Not Supported,,Supported,,Not Supported,,Not Supported,,,,,,,,,,,,,,,,,
5.0,1.0,7.0,Whack-a-Mole,Not Supported,,Supported,,Not Supported,,Not Supported,,,,,,,,,,,,,,,,,
5.0,2.0,,Intervention Desgin Options,16.67%,,83.33%,,16.67%,,100.00%,,No Valid Entries,,No Valid Entries,,No Valid Entries,,No Valid Entries,,No Valid Entries,,No Valid Entries,,,,,
5.0,2.0,1.0,Support for showing an external web-page within the app,Supported,,Not Supported,,Supported,,Supported,"Via ""Display Web-Page"" form item. On request only. Also, you
 can specify whether it should add participant metadata to t
he request.",,,,,,,,,,,,,,,,
5.0,2.0,2.0,"Counter button: a button which is shown prominently on the U
I and pressing it counts a certain variable",Not Supported,,Supported,,Not Supported,,,,,,,,,,,,,,,,,,,
5.0,2.0,3.0,"Show all responses a participant has given to a set of quest
ions within the app",Not Supported,,Supported,,Not Supported,,,,,,,,,,,,,,,,,,,
5.0,2.0,4.0,"Bar chart plot of variables defined during computation scrip
ting",Not Supported,,Supported,,Not Supported,,,,,,,,,,,,,,,,,,,
5.0,2.0,5.0,"Generate statistics on responses to a survey within a group 
of participants

Using this option, the researcher can div
ide participants into a few cohorts
(e.g. by labeling them)
 and then calculate certain statistics on each cohort,
for 
example five-number summary of all responses provided to a c
ertain
question, and show that to all participants within t
hat cohort.",Not Supported,,Supported,,Not Supported,,,,,,,,,,,,,,,,,,,
5.0,2.0,6.0,"Visualize responses to a question from all participants part
 of a group",Not Supported,,Supported,,Not Supported,,,,,,,,,,,,,,,,,,,
6.0,,,Gamification & Rewarding,0.00%,,100.00%,,0.00%,,100.00%,,No Valid Entries,,No Valid Entries,,No Valid Entries,,No Valid Entries,,No Valid Entries,,No Valid Entries,,,,,
6.0,1.0,,Rewards,0.00%,,100.00%,,0.00%,,100.00%,,No Valid Entries,,No Valid Entries,,No Valid Entries,,No Valid Entries,,No Valid Entries,,No Valid Entries,,,,,
6.0,1.0,1.0,Display list of awards a participant has received,Not Supported,,Supported,,Not Supported,,,,,,,,,,,,,,,,,,,
6.0,1.0,2.0,"Display awards the participant can receive and his/her progr
ess towards those awards",Not Supported,,Supported,,Not Supported,,,,,,,,,,,,,,,,,,,
6.0,1.0,3.0,"Customize award interface (color, text, theme)",Not Supported,,Supported,,Not Supported,,,,,,,,,,,,,,,,,,,
6.0,1.0,4.0,Customize the award condition based on survey progress,Not Supported,,Supported,,Not Supported,,Supported,"On request. For each form TL, you can mark ""Include Form to 
Gamification"". If marked, the completions or incompletions w
ill be used in gamification score calculation.",,,,,,,,,,,,,,,,
7.0,,,Software Security & Reliability,95.65%,,18.18%,,36.96%,,50.00%,,No Valid Entries,,No Valid Entries,,No Valid Entries,,No Valid Entries,,No Valid Entries,,No Valid Entries,,,,,
7.0,1.0,,Roles & Permission,100.00%,,0.00%,,30.00%,,60.00%,,No Valid Entries,,No Valid Entries,,No Valid Entries,,No Valid Entries,,No Valid Entries,,No Valid Entries,,,,,
7.0,1.0,1.0,Define roles & assign researchers to roles,Supported,,Not Supported,,Partial Support,"In MW researchers can have permission levels not specific ro
les.	",Not Supported,,,,,,,,,,,,,,,,,
7.0,1.0,2.0,Control which role can take which action on the website,Supported,,Not Supported,,Not Supported,,Supported,WIP: Only one permission: edit study,,,,,,,,,,,,,,,,
7.0,1.0,3.0,"Control which role can see which part of study metadata (par
ticipants list, study protocol, etc.)",Supported,,Not Supported,,Not Supported,,Supported,WIP: Only one permission: read study,,,,,,,,,,,,,,,,
7.0,1.0,4.0,"Control which role can see which data for a study (surveys, 
sensor data, cognitive tasks)",Supported,,Not Supported,,Not Supported,,Supported,WIP: Only one permission: read study,,,,,,,,,,,,,,,,
7.0,1.0,5.0,Different permission profiles for different study sites,Supported,,Not Supported,,Supported,,Not Supported,,,,,,,,,,,,,,,,,
7.0,2.0,,Software Security Practices,88.89%,,37.50%,,22.22%,,66.67%,,No Valid Entries,,No Valid Entries,,No Valid Entries,,No Valid Entries,,No Valid Entries,,No Valid Entries,,,,,
7.0,2.0,1.0,End-to-end encryption,Not Supported,,Supported,,Not Supported,,Supported,"256 Bit encrypted data transfer on all data channels (betwee
n smartphone/browser and server).",,,,,,,,,,,,,,,,
7.0,2.0,2.0,In-transit encryption,Supported,,,,Not Supported,,Supported,,,,,,,,,,,,,,,,,
7.0,2.0,3.0,Encryption-at-rest,Supported,,Not Supported,,Not Supported,,Supported,"256 Bit encrypted data storage on the smartphone. Decryption
 of the data will happen only on the server. If a smartphone
 is lost by the participant, the data collected cannot be de
crypted by a third person.",,,,,,,,,,,,,,,,
7.0,2.0,4.0,API key rotation,Supported,,Not Supported,,Not Supported,,,,,,,,,,,,,,,,,,,
7.0,2.0,5.0,Auto-logout,Supported,,Supported,,Not Supported,,,,,,,,,,,,,,,,,,,
7.0,2.0,6.0,Multi-factor authentication,Supported,,Supported,,Supported,2FA is mandatory for all Metricwire Research Accounts.,Not Supported,,,,,,,,,,,,,,,,,
7.0,2.0,7.0,Password expiry,Supported,,Not Supported,,Not Supported,,Not Supported,,,,,,,,,,,,,,,,,
7.0,2.0,8.0,Prevent using old password,Supported,,Not Supported,,Not Supported,,,,,,,,,,,,,,,,,,,
7.0,2.0,9.0,Minimum password strength,Supported,,Not Supported,,Supported,,Supported,"at least 8 characters length and maximum 64 characters lengt
h, at least 1 upper case letter, at least 1 lower case lette
r, at least 1 special character",,,,,,,,,,,,,,,,
7.0,3.0,,Software Development Pracrtices,100.00%,,0.00%,,33.33%,,16.67%,,No Valid Entries,,No Valid Entries,,No Valid Entries,,No Valid Entries,,No Valid Entries,,No Valid Entries,,,,,
7.0,3.0,1.0,Public Development Roadmap,Supported,,Not Supported,,Not Supported,,Not Supported,,,,,,,,,,,,,,,,,
7.0,3.0,2.0,Release Notes,Supported,,Not Supported,,Not Supported,,Partial Support,"Either they didn't have any update between 2022-02-04 and 20
24-01-31 or their release notes are outdated. Note that they
 don't have any update after 2024-01-31 either.",,,,,,,,,,,,,,,,
7.0,3.0,3.0,Well-defined Terminology,Supported,,Not Supported,,Supported,,Not Supported,WIP,,,,,,,,,,,,,,,,
7.0,4.0,,Reliability & Support,100.00%,,0.00%,,33.33%,,No Valid Entries,,No Valid Entries,,No Valid Entries,,No Valid Entries,,No Valid Entries,,No Valid Entries,,No Valid Entries,,,,,
7.0,4.0,1.0,Publicly-Accessible Uptime Monitoring,Supported,,Not Supported,,Not Supported,,,,,,,,,,,,,,,,,,,
7.0,4.0,2.0,Well-defined Support ,Supported,,Not Supported,,Supported,,,,,,,,,,,,,,,,,,,
7.0,4.0,3.0,Clear workflow for issue escalation,Supported,,Not Supported,,Not Supported,,,,,,,,,,,,,,,,,,,
7.0,5.0,,Regulatory Compliance,100.00%,,33.33%,,100.00%,,33.33%,,No Valid Entries,,No Valid Entries,,No Valid Entries,,No Valid Entries,,No Valid Entries,,No Valid Entries,,,,,
7.0,5.0,1.0,HIPAA,Supported,,Not Supported,,Supported,,Not Supported,,,,,,,,,,,,,,,,,
7.0,5.0,2.0,GDPR,Supported,,Supported,,Supported,,Supported,,,,,,,,,,,,,,,,,
7.0,5.0,3.0,FDA 21 CFR Part 11,Supported,,Not Supported,,Supported,,Not Supported,,,,,,,,,,,,,,,,,
8.0,,,Sensor Data & Wearables,72.97%,,37.84%,,41.89%,,24.14%,,No Valid Entries,,No Valid Entries,,No Valid Entries,,No Valid Entries,,No Valid Entries,,No Valid Entries,,,,,
8.0,1.0,,Overall Sensor Data Collection Capabilities,57.14%,,28.57%,,50.00%,,No Valid Entries,,No Valid Entries,,No Valid Entries,,No Valid Entries,,No Valid Entries,,No Valid Entries,,No Valid Entries,,,,,
8.0,1.0,1.0,Support for continuous data collection,Supported,,Supported,,Supported,,,,,,,,,,,,,,,,,,,
8.0,1.0,2.0,Support for single-sample data collection,Not Supported,,Supported,,Supported,,,,,,,,,,,,,,,,,,,
8.0,1.0,3.0,Support for collecting data during custom intervals ,Not Supported,,Not Supported,,Partial Support,Researchers can set start date for the trigger.,,,,,,,,,,,,,,,,,,
8.0,1.0,4.0,"Support for adjusting sampling attrbitues such as rate or ac
curacy",Not Supported,,Not Supported,,Supported,,,,,,,,,,,,,,,,,,,
8.0,1.0,5.0,Requesting permissions only when necessary,Supported,,Not Supported,,Not Supported,,,,,,,,,,,,,,,,,,,
8.0,1.0,6.0,Dashboard to manage sensor-based data sources,Supported,,Not Supported,,Not Supported,,,,,,,,,,,,,,,,,,,
8.0,1.0,7.0,Reports to monitor and visualize incoming data,Supported,,Not Supported,,Not Supported,,,,,,,,,,,,,,,,,,,
8.0,2.0,,Smartphone-based data types,95.00%,,55.00%,,60.00%,,30.00%,,No Valid Entries,,No Valid Entries,,No Valid Entries,,No Valid Entries,,No Valid Entries,,No Valid Entries,,,,,
8.0,2.0,1.0,GPS,Supported,,Supported,,Supported,,Supported,"On request. Called ""Location"" and it uses GPS, WLAN and Cell
 to balance the battery usage with precision.",,,,,,,,,,,,,,,,
8.0,2.0,2.0,Wi-Fi,Supported,,Supported,,Not Supported,,Not Supported,,,,,,,,,,,,,,,,,
8.0,2.0,3.0,Accelerometer,Supported,,Supported,,Supported,,Not Supported,,,,,,,,,,,,,,,,,
8.0,2.0,4.0,Magnetic Field,Supported,,Not Supported,,Supported,,Not Supported,,,,,,,,,,,,,,,,,
8.0,2.0,5.0,Gyroscope,Supported,,Not Supported,,Supported,,Not Supported,,,,,,,,,,,,,,,,,
8.0,2.0,6.0,Linear Acceleration,Supported,,Not Supported,,Supported,,Not Supported,,,,,,,,,,,,,,,,,
8.0,2.0,7.0,Gravity,Supported,,Not Supported,,Supported,,Not Supported,,,,,,,,,,,,,,,,,
8.0,2.0,8.0,Orientation,Supported,,Not Supported,,Not Supported,,Not Supported,,,,,,,,,,,,,,,,,
8.0,2.0,9.0,Pedometer,Supported,,Supported,,Supported,,Supported,"On request. Called ""Steps"". They suggest a dedicated activit
y sensor like their own Move4 to accurately measure it.",,,,,,,,,,,,,,,,
8.0,2.0,10.0,Motion-based Activity Recognition,Supported,,Supported,,Supported,,Supported,"On request. Called ""Physical Activity"". You can specify the 
minimal interval to log the physical activity, but activity 
may be logged more often, if requested by other apps. They s
uggest a dedicated activity sensor like their own Move4 to a
ccurately measure it.",,,,,,,,,,,,,,,,
8.0,2.0,11.0,Ambient Temperature,Supported,,Not Supported,,Supported,,Not Supported,,,,,,,,,,,,,,,,,
8.0,2.0,12.0,Light,Supported,,Supported,,Supported,,Not Supported,,,,,,,,,,,,,,,,,
8.0,2.0,13.0,Pressure,Supported,,Not Supported,,Supported,,Not Supported,,,,,,,,,,,,,,,,,
8.0,2.0,14.0,Proximity,Supported,,Not Supported,,Supported,,Not Supported,,,,,,,,,,,,,,,,,
8.0,2.0,15.0,Relative Humidity,Supported,,Not Supported,,Not Supported,,Not Supported,,,,,,,,,,,,,,,,,
8.0,2.0,16.0,Bluetooth,Supported,,Supported,,Not Supported,,Not Supported,,,,,,,,,,,,,,,,,
8.0,2.0,17.0,Ambient Noise,Not Supported,,Supported,,Not Supported,,Not Supported,,,,,,,,,,,,,,,,,
8.0,2.0,18.0,Screen Status,Supported,,Supported,,Not Supported,,Supported,"On request. Called ""Display On/Off"".",,,,,,,,,,,,,,,,
8.0,2.0,19.0,App Usage,Supported,,Supported,,Not Supported,,Supported,"On request. You can also limit the logs to specific apps. Ju
st logs the app identifier.",,,,,,,,,,,,,,,,
8.0,2.0,20.0,Battery,Supported,,Supported,,Not Supported,,Supported,"On request. Called ""Battery Level"" and just logs the battery
 level.",,,,,,,,,,,,,,,,
8.0,3.0,,Wearables,40.00%,,10.00%,,0.00%,,11.11%,,No Valid Entries,,No Valid Entries,,No Valid Entries,,No Valid Entries,,No Valid Entries,,No Valid Entries,,,,,
8.0,3.0,1.0,Bluetooth Beacons,Supported,,Not Supported,,Not Supported,,Supported,"Called ""Nearby devices"".",,,,,,,,,,,,,,,,
8.0,3.0,2.0,Fitbit,Supported,,Not Supported,,Not Supported,,Not Supported,,,,,,,,,,,,,,,,,
8.0,3.0,3.0,Apple HealthKit,Not Supported,,Not Supported,,Not Supported,,Not Supported,,,,,,,,,,,,,,,,,
8.0,3.0,4.0,Apple Watch (via SensorKit),Not Supported,,Not Supported,,Not Supported,,Not Supported,,,,,,,,,,,,,,,,,
8.0,3.0,5.0,Garmin ,Supported,,Not Supported,,Not Supported,,Not Supported,,,,,,,,,,,,,,,,,
8.0,3.0,6.0,Weather,Supported,,Supported,,Not Supported,,Not Supported,,,,,,,,,,,,,,,,,
8.0,3.0,7.0,Polar,Not Supported,,Not Supported,,Not Supported,,Not Supported,,,,,,,,,,,,,,,,,
8.0,3.0,8.0,Whoop,Not Supported,,Not Supported,,Not Supported,,Not Supported,,,,,,,,,,,,,,,,,
8.0,3.0,9.0,Dixcom,Not Supported,,Not Supported,,Not Supported,,Not Supported,,,,,,,,,,,,,,,,,
8.0,3.0,10.0,Actigraph,Not Supported,,Not Supported,,Not Supported,,,,,,,,,,,,,,,,,,,
9.0,,,Participant app,90.91%,,45.45%,,50.00%,,50.00%,,No Valid Entries,,No Valid Entries,,No Valid Entries,,No Valid Entries,,No Valid Entries,,No Valid Entries,,,,,
9.0,1.0,,General Participant App Features,90.91%,,45.45%,,50.00%,,50.00%,,No Valid Entries,,No Valid Entries,,No Valid Entries,,No Valid Entries,,No Valid Entries,,No Valid Entries,,,,,
1.0,1.0,6.0,Works offline ,Supported,,Not Supported,,Supported,,Supported,,,,,,,,,,,,,,,,,
9.0,1.0,1.0,Native Android App,Supported,,Supported,,Supported,,Supported,,,,,,,,,,,,,,,,,
9.0,1.0,2.0,Native iOS App,Supported,,Supported,,Supported,,Not Supported,,,,,,,,,,,,,,,,,
9.0,1.0,3.0,Web-based Participant App,Supported,,Not Supported,,Partial Support,"One of the limiting factors of Web Surveys is that there is 
only one trigger type available. Activities with Participant
 Portal TL are accessible in the web-based app.",Not Supported,,,,,,,,,,,,,,,,,
9.0,1.0,4.0,Customize app interface,Supported,,Supported,,Not Supported,,,,,,,,,,,,,,,,,,,
9.0,1.0,5.0,Allow participants to see their progress in the app,Supported,,Not Supported,,Not Supported,,,,,,,,,,,,,,,,,,,
9.0,1.0,6.0,Support participant dropout from study,Supported,,Not Supported,,Supported,,,,,,,,,,,,,,,,,,,
9.0,1.0,7.0,Capture dropout reason,Supported,,Not Supported,,Not Supported,,,,,,,,,,,,,,,,,,,
9.0,1.0,8.0,Allow participants to choose preferred notification channel,Supported,,Not Supported,,Not Supported,,,,,,,,,,,,,,,,,,,
9.0,1.0,9.0,Support participant account deletion,Supported,,Supported,,Supported,,,,,,,,,,,,,,,,,,,
9.0,1.0,10.0,Allow participants to provide feedback directly via the app,Not Supported,,Supported,,Not Supported,,,,,,,,,,,,,,,,,,,
10.0,,,Data Access & Analysis,93.33%,,6.67%,,53.33%,,25.00%,,No Valid Entries,,No Valid Entries,,No Valid Entries,,No Valid Entries,,No Valid Entries,,No Valid Entries,,,,,
10.0,1.0,,Data View & Filtering,100.00%,,0.00%,,62.50%,,0.00%,,No Valid Entries,,No Valid Entries,,No Valid Entries,,No Valid Entries,,No Valid Entries,,No Valid Entries,,,,,
10.0,1.0,1.0,"Choose columns to be shown in a table of the dashboard (cust
omize table formats in the dashboard)",Supported,,Not Supported,,Supported,,Not Supported,,,,,,,,,,,,,,,,,
10.0,1.0,2.0,Sorting options,Supported,,Not Supported,,Supported,,Not Supported,No table is sortable.,,,,,,,,,,,,,,,,
10.0,1.0,3.0,Query data of a page in the dashboard ,Supported,,Not Supported,,Supported,,Not Supported,,,,,,,,,,,,,,,,,
10.0,1.0,4.0,"Query data of a page in the dashboard based on other data (e
.g. query notification data based on participant attributes)",Supported,,Not Supported,,Not Supported,,Not Supported,,,,,,,,,,,,,,,,,
10.0,1.0,5.0,Save queries,Supported,,Not Supported,,Not Supported,,Not Supported,,,,,,,,,,,,,,,,,
10.0,1.0,6.0,Complex And/Or/Groupping in queries,Supported,,Not Supported,,Supported,,Not Supported,,,,,,,,,,,,,,,,,
10.0,1.0,7.0,"Query on aggregated data (e.g. more than 10 missed notificat
ions)",Supported,,Not Supported,,Not Supported,,Not Supported,,,,,,,,,,,,,,,,,
10.0,1.0,8.0,"Export query results (e.g. as CSV, XLSX, etc.)",Supported,,Not Supported,,Supported,,Not Supported,,,,,,,,,,,,,,,,,
10.0,2.0,,Survey Data Export,50.00%,,50.00%,,100.00%,,50.00%,,No Valid Entries,,No Valid Entries,,No Valid Entries,,No Valid Entries,,No Valid Entries,,No Valid Entries,,,,,
10.0,2.0,1.0,"Export survey responses as CSV, TSV, XLSX, or similar textua
l format",Supported,,Supported,,Supported,,Supported,"They support Excel 2007 (XLSX), Comma-separated values (CSV)
, Semicolon-separated values (CSV), and Multimedia Results (
ZIP).",,,,,,,,,,,,,,,,
10.0,2.0,2.0,Customize export format,Not Supported,,Not Supported,,Supported,,Not Supported,,,,,,,,,,,,,,,,,
10.0,3.0,,Sensor Data Export,100.00%,,0.00%,,0.00%,,100.00%,,No Valid Entries,,No Valid Entries,,No Valid Entries,,No Valid Entries,,No Valid Entries,,No Valid Entries,,,,,
10.0,3.0,2.0,Export sensor data in textual format,Supported,,Not Supported,,Not Supported,,Supported,"Unisens Log File (ZIP) for all logs and Unisens Log File in 
minutes (XLSX) for aggregated logged data.",,,,,,,,,,,,,,,,
10.0,3.0,3.0,"Export sensor data in sensor-specific formats (e.g. Google E
arth format for GPS data)",Supported,,Not Supported,,Not Supported,,Supported,"KMZ for only the location data with an accuracy better than 
100m.",,,,,,,,,,,,,,,,
10.0,4.0,,Data Visualization,100.00%,,0.00%,,50.00%,,No Valid Entries,,No Valid Entries,,No Valid Entries,,No Valid Entries,,No Valid Entries,,No Valid Entries,,No Valid Entries,,,,,
10.0,4.0,1.0,Interface to visualize survey responses,Supported,,Not Supported,,Supported,,,,,,,,,,,,,,,,,,,
10.0,4.0,2.0,Interface to plot & visualize sensor data,Supported,,Not Supported,,Not Supported,,,,,,,,,,,,,,,,,,,
10.0,5.0,,Sensor Data Analysis,100.00%,,0.00%,,0.00%,,No Valid Entries,,No Valid Entries,,No Valid Entries,,No Valid Entries,,No Valid Entries,,No Valid Entries,,No Valid Entries,,,,,
10.0,5.0,1.0,GPS Feature Extraction using AI/ML Models,Supported,,Not Supported,,Not Supported,,,,,,,,,,,,,,,,,,,
11.0,,,Other,42.86%,,57.14%,,28.57%,,25.00%,,No Valid Entries,,No Valid Entries,,No Valid Entries,,No Valid Entries,,No Valid Entries,,No Valid Entries,,,,,
11.0,1.0,,Licensing,0.00%,,100.00%,,25.00%,,25.00%,,No Valid Entries,,No Valid Entries,,No Valid Entries,,No Valid Entries,,No Valid Entries,,No Valid Entries,,,,,
11.0,1.0,1.0,Interface to purchase and activate license online,Not Supported,,Supported,,Not Supported,,Not Supported,,,,,,,,,,,,,,,,,
11.0,1.0,2.0,Interface to manage purchased licenses,Not Supported,,Supported,,Supported,,Not Supported,,,,,,,,,,,,,,,,,
11.0,1.0,3.0,Interface to manage license members,Not Supported,,Supported,,Not Supported,,Not Supported,,,,,,,,,,,,,,,,,
11.0,1.0,4.0,Interface to show quota used from each license,Not Supported,,Supported,,Not Supported,,Supported,They have a Billing page including used credits per study.,,,,,,,,,,,,,,,,
11.0,2.0,,Deployment,100.00%,,0.00%,,33.33%,,No Valid Entries,,No Valid Entries,,No Valid Entries,,No Valid Entries,,No Valid Entries,,No Valid Entries,,No Valid Entries,,,,,
11.0,2.0,1.0,White-label Solutions,Supported,,Not Supported,,Supported,,,,,,,,,,,,,,,,,,,
11.0,2.0,2.0,On-premise Deployment,Supported,,Not Supported,,Not Supported,,,,,,,,,,,,,,,,,,,
11.0,2.0,3.0,Multi-region servers,Supported,,Not Supported,,Not Supported,,,,,,,,,,,,,,,,,,,
